{
    "contract_number": 1,
    "monte_carlo_iterations" : 8388608,
    "num_path_dates": 1,
    "num_underlyings" : 1,
    "num_models" : 1,
    "num_bits" : 30,
    "dir_vs" :
    [
	[
	    536870912, 268435456, 134217728, 67108864, 33554432, 16777216, 8388608, 4194304, 2097152, 1048576, 524288, 262144, 131072, 65536, 32768, 16384, 8192, 4096, 2048, 1024, 512, 256, 128, 64, 32, 16, 8, 4, 2, 1
	]
    ],
    "md_c" : [
        [[1.0000000]]
    ],
    "md_vols" : [
        [[0.1900000]]
    ],
    "md_drifts" : [
        [[ -0.0276481070940405]]
    ],
    "md_starts" : [
        [3758.0500000000001819]
    ],
    "md_deterministic_values" : [
        [0.9997817434496459]
    ],
    "md_discounts" : [
        [0.9805494836196852]
    ],

    "bb_inds" : [[1],
                 [0],
                 [0]],
    "bb_data" : [[0.9889803798765787],
	         [0.0000000000000000],
	         [0.0000000000000000]]
}
